Processing esp32dev (platform: espressif32; board: esp32dev; framework: arduino; monitor_speed: 115200; upload_speed: 115200; board_build.f_cpu: 240000000L; lib_deps: bblanchon/ArduinoJson@^6.21.3, ESP32Async/ESPAsyncWebServer, ESP32Async/AsyncTCP; build_flags: -D CONFIG_FREERTOS_ENABLE_REBOOT_ON_PANIC, -D CORE_DEBUG_LEVEL=3; monitor_filters: esp32_exception_decoder)
--------------------------------------------------------------------------------
CONFIGURATION: https://docs.platformio.org/page/boards/espressif32/esp32dev.html
PLATFORM: Espressif 32 (7.0.1) > Espressif ESP32 Dev Module
HARDWARE: ESP32 240MHz, 320KB RAM, 4MB Flash
DEBUG: Current (cmsis-dap) External (cmsis-dap, esp-bridge, esp-prog, iot-bus-jtag, jlink, minimodule, olimex-arm-usb-ocd, olimex-arm-usb-ocd-h, olimex-arm-usb-tiny-h, olimex-jtag-tiny, tumpa)
PACKAGES: 
 - framework-arduinoespressif32 @ 3.20017.241212+sha.dcc1105b 
 - tool-esptoolpy @ 2.41100.0 (4.11.0) 
 - toolchain-xtensa-esp32 @ 8.4.0+2021r2-patch5
LDF: Library Dependency Finder -> https://bit.ly/configure-pio-ldf
LDF Modes: Finder ~ chain, Compatibility ~ soft
Found 36 compatible libraries
Scanning dependencies...
Warning: Ignored `AsyncTCP` dependency for `ESPAsyncWebServer` library
Warning: Ignored `ESPAsyncTCP` dependency for `ESPAsyncWebServer` library
Warning: Ignored `Hash` dependency for `ESPAsyncWebServer` library
Warning: Ignored `RPAsyncTCP` dependency for `ESPAsyncWebServer` library
Dependency Graph
|-- ArduinoJson @ 6.21.6 (License: Unknown, Path: /home/ed0101/Documents/GitHub/cyber-monitor-esp32/firmware/.pio/libdeps/esp32dev/ArduinoJson)
|-- ESPAsyncWebServer @ 3.11.0 (License: LGPL-3.0, Path: /home/ed0101/Documents/GitHub/cyber-monitor-esp32/firmware/.pio/libdeps/esp32dev/ESPAsyncWebServer)
|   |-- ArduinoJson @ 6.21.6 (License: Unknown, Path: /home/ed0101/Documents/GitHub/cyber-monitor-esp32/firmware/.pio/libdeps/esp32dev/ArduinoJson)
|   |-- AsyncTCP @ 3.4.10 (License: LGPL-3.0, Path: /home/ed0101/Documents/GitHub/cyber-monitor-esp32/firmware/.pio/libdeps/esp32dev/AsyncTCP)
|   |-- FS @ 2.0.0 (License: Unknown, Path: /home/ed0101/.platformio/packages/framework-arduinoespressif32/libraries/FS)
|   |-- WiFi @ 2.0.0 (License: Unknown, Path: /home/ed0101/.platformio/packages/framework-arduinoespressif32/libraries/WiFi)
|-- AsyncTCP @ 3.4.10 (License: LGPL-3.0, Path: /home/ed0101/Documents/GitHub/cyber-monitor-esp32/firmware/.pio/libdeps/esp32dev/AsyncTCP)
|-- ESP32 BLE Arduino @ 2.0.0 (License: Unknown, Path: /home/ed0101/.platformio/packages/framework-arduinoespressif32/libraries/BLE)
|-- ESPmDNS @ 2.0.0 (License: Unknown, Path: /home/ed0101/.platformio/packages/framework-arduinoespressif32/libraries/ESPmDNS)
|   |-- WiFi @ 2.0.0 (License: Unknown, Path: /home/ed0101/.platformio/packages/framework-arduinoespressif32/libraries/WiFi)
|-- Preferences @ 2.0.0 (License: Unknown, Path: /home/ed0101/.platformio/packages/framework-arduinoespressif32/libraries/Preferences)
|-- WiFi @ 2.0.0 (License: Unknown, Path: /home/ed0101/.platformio/packages/framework-arduinoespressif32/libraries/WiFi)
Building in release mode
<lambda>(["checkprogsize"], [".pio/build/esp32dev/firmware.elf"])
MethodWrapper(["checkprogsize"], [".pio/build/esp32dev/firmware.elf"])
Advanced Memory Usage is available via "PlatformIO Home > Project Inspect"
RAM:   [=         ]  14.0% (used 45952 bytes from 327680 bytes)
Flash: [=======   ]  65.7% (used 860981 bytes from 1310720 bytes)
.pio/build/esp32dev/firmware.elf  :
section                                                                                                                                                                                                                                        size         addr
.rtc.text                                                                                                                                                                                                                                         0   1074528256
.rtc.dummy                                                                                                                                                                                                                                        0   1073217536
.rtc.force_fast                                                                                                                                                                                                                                   0   1073217536
.rtc_noinit                                                                                                                                                                                                                                      16   1342177792
.rtc.force_slow                                                                                                                                                                                                                                   0   1342177808
.iram0.vectors                                                                                                                                                                                                                                 1027   1074266112
.iram0.text                                                                                                                                                                                                                                   76399   1074267140
.dram0.data                                                                                                                                                                                                                                   24576   1073470304
.ext_ram_noinit                                                                                                                                                                                                                                   0   1065353216
.noinit                                                                                                                                                                                                                                           0   1073494880
.ext_ram.bss                                                                                                                                                                                                                                      0   1065353216
.dram0.bss                                                                                                                                                                                                                                    21376   1073494880
.flash.appdesc                                                                                                                                                                                                                                  256   1061158944
.flash.rodata                                                                                                                                                                                                                                145164   1061159200
.flash.rodata_noload                                                                                                                                                                                                                          15854   1061304364
.flash.text                                                                                                                                                                                                                                  613815   1074593824
.phyiram.0                                                                                                                                                                                                                                       43   1075207640
.phyiram.1                                                                                                                                                                                                                                      125   1075207684
.phyiram.2                                                                                                                                                                                                                                      542   1075207812
.phyiram.3                                                                                                                                                                                                                                      178   1075208356
.phyiram.6                                                                                                                                                                                                                                      222   1075208536
.phyiram.4                                                                                                                                                                                                                                      234   1075208760
.phyiram.7                                                                                                                                                                                                                                      228   1075208996
.phyiram.8                                                                                                                                                                                                                                      547   1075209224
.phyiram.9                                                                                                                                                                                                                                      387   1075209772
.phyiram.10                                                                                                                                                                                                                                     142   1075210160
.phyiram.13                                                                                                                                                                                                                                     392   1075210304
.phyiram.15                                                                                                                                                                                                                                     186   1075210696
.phyiram.14                                                                                                                                                                                                                                     239   1075210884
.phyiram.16                                                                                                                                                                                                                                     459   1075211124
.phyiram.18                                                                                                                                                                                                                                     114   1075211584
.phyiram.12                                                                                                                                                                                                                                     120   1075211700
.phyiram.17                                                                                                                                                                                                                                     238   1075211820
.phyiram.24                                                                                                                                                                                                                                      74   1075212060
.phyiram.25                                                                                                                                                                                                                                      49   1075212136
.phyiram.26                                                                                                                                                                                                                                     259   1075212188
.phyiram.27                                                                                                                                                                                                                                     135   1075212448
.phyiram.22                                                                                                                                                                                                                                      97   1075212584
.phyiram.20                                                                                                                                                                                                                                     270   1075212684
.phyiram.21                                                                                                                                                                                                                                     158   1075212956
.phyiram.19                                                                                                                                                                                                                                     735   1075213116
.iram0.text_end                                                                                                                                                                                                                                   1   1074343539
.iram0.data                                                                                                                                                                                                                                       0   1074343540
.iram0.bss                                                                                                                                                                                                                                        0   1074343540
.dram0.heap_start                                                                                                                                                                                                                                 0   1073516256
.xt.prop                                                                                                                                                                                                                                     503868            0
.xt.lit                                                                                                                                                                                                                                       16352            0
.xtensa.info                                                                                                                                                                                                                                     56            0
.comment                                                                                                                                                                                                                                        282            0
.xt.lit._ZN11ArduinoJson8V6216PB26detail6WriterI6StringvE5flushEv                                                                                                                                                                                 0            0
.xt.lit._ZN11ArduinoJson8V6216PB26detail6WriterI6StringvE5writeEh                                                                                                                                                                                 0            0
.xt.lit._ZN11ArduinoJson8V6216PB26detail10FloatPartsIdEC5Ed                                                                                                                                                                                       8            0
.xt.lit._ZN11ArduinoJson8V6216PB26detail17CountingDecoratorINS1_6WriterI6StringvEEE5writeEPKhj                                                                                                                                                    0            0
.xt.lit._ZN11ArduinoJson8V6216PB26detail13TextFormatterINS1_6WriterI6StringvEEE8writeRawEPKc                                                                                                                                                      0            0
.xt.lit._ZN11ArduinoJson8V6216PB26detail13TextFormatterINS1_6WriterI6StringvEEE12writeIntegerIyEENS1_9enable_ifIXsrNS1_11is_unsignedIT_EE5valueEvE4typeESA_                                                                                       8            0
.xt.lit._ZN11ArduinoJson8V6216PB26detail17CountingDecoratorINS1_6WriterI6StringvEEE5writeEh                                                                                                                                                       0            0
.xt.lit._ZN11ArduinoJson8V6216PB26detail13TextFormatterINS1_6WriterI6StringvEEE9writeCharEc                                                                                                                                                       8            0
.xt.lit._ZN11ArduinoJson8V6216PB26detail13TextFormatterINS1_6WriterI6StringvEEE10writeFloatIdEEvT_                                                                                                                                                8            0
.xt.lit._ZNK11ArduinoJson8V6216PB26detail11VariantData6acceptINS1_14JsonSerializerINS1_6WriterI6StringvEEEEEENT_11result_typeERS9_                                                                                                                8            0
.xt.lit._ZN11ArduinoJson8V6216PB26detail11doSerializeINS1_14JsonSerializerENS1_6WriterI6StringvEEEEjNS0_16JsonVariantConstET0_                                                                                                                    0            0
.xt.lit._ZN11ArduinoJson8V6216PB26detail14CollectionData9addMemberINS1_19StaticStringAdapterEEEPNS1_11VariantDataET_PNS1_10MemoryPoolE                                                                                                            0            0
.xt.lit._ZN11ArduinoJson8V6216PB26detail11VariantData14getOrAddMemberINS1_19StaticStringAdapterEEEPS2_T_PNS1_10MemoryPoolE                                                                                                                        0            0
.xt.prop._ZN11ArduinoJson8V6216PB26detail6WriterI6StringvE5flushEv                                                                                                                                                                               48            0
.xt.prop._ZN11ArduinoJson8V6216PB26detail6WriterI6StringvE5writeEh                                                                                                                                                                               72            0
.xt.prop._ZN11ArduinoJson8V6216PB26detail10FloatPartsIdEC5Ed                                                                                                                                                                                     12            0
.xt.prop._ZN11ArduinoJson8V6216PB26detail17CountingDecoratorINS1_6WriterI6StringvEEE5writeEPKhj                                                                                                                                                  60            0
.xt.prop._ZN11ArduinoJson8V6216PB26detail13TextFormatterINS1_6WriterI6StringvEEE8writeRawEPKc                                                                                                                                                    36            0
.xt.prop._ZN11ArduinoJson8V6216PB26detail13TextFormatterINS1_6WriterI6StringvEEE12writeIntegerIyEENS1_9enable_ifIXsrNS1_11is_unsignedIT_EE5valueEvE4typeESA_                                                                                     84            0
.xt.prop._ZN11ArduinoJson8V6216PB26detail17CountingDecoratorINS1_6WriterI6StringvEEE5writeEh                                                                                                                                                     36            0
.xt.prop._ZN11ArduinoJson8V6216PB26detail13TextFormatterINS1_6WriterI6StringvEEE9writeCharEc                                                                                                                                                     96            0
.xt.prop._ZN11ArduinoJson8V6216PB26detail13TextFormatterINS1_6WriterI6StringvEEE10writeFloatIdEEvT_                                                                                                                                             180            0
.xt.prop._ZNK11ArduinoJson8V6216PB26detail11VariantData6acceptINS1_14JsonSerializerINS1_6WriterI6StringvEEEEEENT_11result_typeERS9_                                                                                                             360            0
.xt.prop._ZN11ArduinoJson8V6216PB26detail11doSerializeINS1_14JsonSerializerENS1_6WriterI6StringvEEEEjNS0_16JsonVariantConstET0_                                                                                                                  84            0
.xt.prop._ZN11ArduinoJson8V6216PB26detail14CollectionData9addMemberINS1_19StaticStringAdapterEEEPNS1_11VariantDataET_PNS1_10MemoryPoolE                                                                                                         180            0
.xt.prop._ZN11ArduinoJson8V6216PB26detail11VariantData14getOrAddMemberINS1_19StaticStringAdapterEEEPS2_T_PNS1_10MemoryPoolE                                                                                                                     120            0
.xt.prop._ZNK11ArduinoJson8V6216PB26detail7pgm_ptrIdEixEi$isra$29                                                                                                                                                                                36            0
.xt.prop._ZNSt14_Function_baseD2Ev                                                                                                                                                                                                               36            0
.xt.prop._ZN11ArduinoJson8V6216PB26detail11VariantSlot4nextEv                                                                                                                                                                                    48            0
.xt.prop._ZN11ArduinoJson8V6216PB26detail10FloatPartsIdEC2Ed                                                                                                                                                                                    204            0
.xt.prop._ZZN11ArduinoJson8V6216PB26detail11FloatTraitsIdLj8EE25negativeBinaryPowersOfTenEvE7factors                                                                                                                                             12            0
.xt.prop._ZZN11ArduinoJson8V6216PB26detail11FloatTraitsIdLj8EE25positiveBinaryPowersOfTenEvE7factors                                                                                                                                             12            0
.xt.lit._ZN9BleDeviceD5Ev                                                                                                                                                                                                                         0            0
.xt.lit._ZNSt12_Destroy_auxILb0EE9__destroyIP9BleDeviceEEvT_S4_                                                                                                                                                                                   0            0
.xt.prop._ZN9BleDeviceD5Ev                                                                                                                                                                                                                        0            0
.xt.prop._ZNSt12_Destroy_auxILb0EE9__destroyIP9BleDeviceEEvT_S4_                                                                                                                                                                                 60            0
.xt.prop._ZN9BleDeviceD2Ev                                                                                                                                                                                                                       36            0
.xt.prop._ZTISt9exception                                                                                                                                                                                                                        12            0
.xt.lit._ZSt4swapISt9_Any_dataENSt9enable_ifIXsrSt6__and_IJSt6__not_ISt15__is_tuple_likeIT_EESt21is_move_constructibleIS5_ESt18is_move_assignableIS5_EEE5valueEvE4typeERS5_SF_                                                                    0            0
.xt.prop._ZSt4swapISt9_Any_dataENSt9enable_ifIXsrSt6__and_IJSt6__not_ISt15__is_tuple_likeIT_EESt21is_move_constructibleIS5_ESt18is_move_assignableIS5_EEE5valueEvE4typeERS5_SF_                                                                  48            0
.xt.lit._ZNSt12_Destroy_auxILb0EE9__destroyIP6StringEEvT_S4_                                                                                                                                                                                      0            0
.xt.lit._ZNSt20__uninitialized_copyILb0EE13__uninit_copyIPK6StringPS2_EET0_T_S7_S6_                                                                                                                                                               8            0
.xt.lit._ZNSt6vectorI6StringSaIS0_EE17_M_realloc_insertIJRKS0_EEEvN9__gnu_cxx17__normal_iteratorIPS0_S2_EEDpOT_                                                                                                                                   8            0
.xt.prop._ZNSt12_Destroy_auxILb0EE9__destroyIP6StringEEvT_S4_                                                                                                                                                                                    60            0
.xt.prop._ZNSt20__uninitialized_copyILb0EE13__uninit_copyIPK6StringPS2_EET0_T_S7_S6_                                                                                                                                                            120            0
.xt.prop._ZNSt6vectorI6StringSaIS0_EE17_M_realloc_insertIJRKS0_EEEvN9__gnu_cxx17__normal_iteratorIPS0_S2_EEDpOT_                                                                                                                                204            0
.xt.lit._ZN11WifiNetworkC5ERKS_                                                                                                                                                                                                                   0            0
.xt.lit._ZN11WifiNetworkD5Ev                                                                                                                                                                                                                      0            0
.xt.lit._ZNSt12_Destroy_auxILb0EE9__destroyIP11WifiNetworkEEvT_S4_                                                                                                                                                                                0            0
.xt.lit._ZNSt20__uninitialized_copyILb0EE13__uninit_copyIPK11WifiNetworkPS2_EET0_T_S7_S6_                                                                                                                                                         0            0
.xt.lit._ZNSt6vectorI11WifiNetworkSaIS0_EE17_M_realloc_insertIJRKS0_EEEvN9__gnu_cxx17__normal_iteratorIPS0_S2_EEDpOT_                                                                                                                             8            0
.xt.prop._ZN11WifiNetworkC5ERKS_                                                                                                                                                                                                                  0            0
.xt.prop._ZN11WifiNetworkD5Ev                                                                                                                                                                                                                     0            0
.xt.prop._ZNSt12_Destroy_auxILb0EE9__destroyIP11WifiNetworkEEvT_S4_                                                                                                                                                                              60            0
.xt.prop._ZNSt20__uninitialized_copyILb0EE13__uninit_copyIPK11WifiNetworkPS2_EET0_T_S7_S6_                                                                                                                                                      108            0
.xt.prop._ZNSt6vectorI11WifiNetworkSaIS0_EE17_M_realloc_insertIJRKS0_EEEvN9__gnu_cxx17__normal_iteratorIPS0_S2_EEDpOT_                                                                                                                          204            0
.xt.prop._ZN11WifiNetworkC2ERKS_                                                                                                                                                                                                                108            0
.xt.prop._ZN11WifiNetworkD2Ev                                                                                                                                                                                                                    36            0
.xt.lit._ZN11ArduinoJson8V6216PB217BasicJsonDocumentINS0_16DefaultAllocatorEEC5EjS2_                                                                                                                                                              0            0
.xt.lit._ZN11ArduinoJson8V6216PB217BasicJsonDocumentINS0_16DefaultAllocatorEE8freePoolEv                                                                                                                                                          0            0
.xt.lit._ZN11ArduinoJson8V6216PB26detail21variantGetOrAddMemberINS1_19StaticStringAdapterEEEPNS1_11VariantDataES5_T_PNS1_10MemoryPoolE                                                                                                            0            0
.xt.lit._ZNK11ArduinoJson8V6216PB26detail14VariantRefBaseINS1_11MemberProxyIRNS0_12JsonDocumentEPKcEEE2toINS0_10JsonObjectEEENS1_9enable_ifIXsrNS1_7is_sameIT_SB_EE5valueESB_E4typeEv                                                             0            0
.xt.lit._ZN11ArduinoJson8V6216PB26detail9serializeINS1_14JsonSerializerE6StringEEjNS0_16JsonVariantConstERT0_                                                                                                                                     0            0
.xt.prop._ZN11ArduinoJson8V6216PB217BasicJsonDocumentINS0_16DefaultAllocatorEEC5EjS2_                                                                                                                                                             0            0
.xt.prop._ZN11ArduinoJson8V6216PB217BasicJsonDocumentINS0_16DefaultAllocatorEE8freePoolEv                                                                                                                                                        36            0
.xt.prop._ZN11ArduinoJson8V6216PB26detail21variantGetOrAddMemberINS1_19StaticStringAdapterEEEPNS1_11VariantDataES5_T_PNS1_10MemoryPoolE                                                                                                          48            0
.xt.prop._ZNK11ArduinoJson8V6216PB26detail14VariantRefBaseINS1_11MemberProxyIRNS0_12JsonDocumentEPKcEEE2toINS0_10JsonObjectEEENS1_9enable_ifIXsrNS1_7is_sameIT_SB_EE5valueESB_E4typeEv                                                           36            0
.xt.prop._ZN11ArduinoJson8V6216PB26detail9serializeINS1_14JsonSerializerE6StringEEjNS0_16JsonVariantConstERT0_                                                                                                                                   60            0
.xt.prop._ZN11ArduinoJson8V6216PB217BasicJsonDocumentINS0_16DefaultAllocatorEEC2EjS2_                                                                                                                                                            36            0
.xt.prop._ZN11ArduinoJson8V6216PB213convertToJsonI6StringEENS0_6detail9enable_ifIXsrNS3_8IsStringIT_vEE5valueEbE4typeERKS6_NS0_11JsonVariantE                                                                                                   204            0
.xt.lit._ZN15AsyncWebHandlerD5Ev                                                                                                                                                                                                                  8            0
.xt.lit._ZNSt8functionIFvP14AsyncWebSocketP20AsyncWebSocketClient12AwsEventTypePvPhjEEC5ERKS8_                                                                                                                                                    0            0
.xt.lit._ZNSt7__cxx1110_List_baseI20AsyncWebSocketClientSaIS1_EE8_M_clearEv                                                                                                                                                                       0            0
.xt.lit._ZN14AsyncWebSocketC5EPKcSt8functionIFvPS_P20AsyncWebSocketClient12AwsEventTypePvPhjEE                                                                                                                                                    8            0
.xt.lit._ZN14AsyncWebSocketD5Ev                                                                                                                                                                                                                   0            0
.xt.prop._ZN15AsyncWebHandlerD5Ev                                                                                                                                                                                                                12            0
.xt.prop._ZNSt8functionIFvP14AsyncWebSocketP20AsyncWebSocketClient12AwsEventTypePvPhjEEC5ERKS8_                                                                                                                                                   0            0
.xt.prop._ZNSt7__cxx1110_List_baseI20AsyncWebSocketClientSaIS1_EE8_M_clearEv                                                                                                                                                                     60            0
.xt.prop._ZN14AsyncWebSocketC5EPKcSt8functionIFvPS_P20AsyncWebSocketClient12AwsEventTypePvPhjEE                                                                                                                                                  12            0
.xt.prop._ZN14AsyncWebSocketD5Ev                                                                                                                                                                                                                  0            0
.xt.prop._ZNK15AsyncWebHandler9canHandleEP21AsyncWebServerRequest                                                                                                                                                                                36            0
.xt.prop._ZN15AsyncWebHandler13handleRequestEP21AsyncWebServerRequest                                                                                                                                                                            36            0
.xt.prop._ZN15AsyncWebHandler12handleUploadEP21AsyncWebServerRequestRK6StringjPhjb                                                                                                                                                               36            0
.xt.prop._ZN15AsyncWebHandler10handleBodyEP21AsyncWebServerRequestPhjjj                                                                                                                                                                          36            0
.xt.prop._ZNK15AsyncWebHandler23isRequestHandlerTrivialEv                                                                                                                                                                                        36            0
.xt.prop._ZNSt17_Function_handlerIFvP14AsyncWebSocketP20AsyncWebSocketClient12AwsEventTypePvPhjEPS7_E9_M_invokeERKSt9_Any_dataOS1_OS3_OS4_OS5_OS6_Oj                                                                                             36            0
.xt.prop._ZNSt14_Function_base13_Base_managerIPFvP14AsyncWebSocketP20AsyncWebSocketClient12AwsEventTypePvPhjEE10_M_managerERSt9_Any_dataRKSB_St18_Manager_operation                                                                              60            0
.xt.prop._ZN15AsyncWebHandlerD2Ev                                                                                                                                                                                                                36            0
.xt.prop._ZN15AsyncWebHandlerD0Ev                                                                                                                                                                                                                36            0
.xt.prop._ZNSt8functionIFvP14AsyncWebSocketP20AsyncWebSocketClient12AwsEventTypePvPhjEEC2ERKS8_                                                                                                                                                  60            0
.xt.prop._ZN14AsyncWebSocketC2EPKcSt8functionIFvPS_P20AsyncWebSocketClient12AwsEventTypePvPhjEE                                                                                                                                                 120            0
.xt.prop._ZN14AsyncWebSocketD2Ev                                                                                                                                                                                                                 36            0
.xt.prop._ZN14AsyncWebSocketD0Ev                                                                                                                                                                                                                 36            0
.xt.prop._ZTV15AsyncWebHandler                                                                                                                                                                                                                   12            0
.xt.lit._ZNSt8functionIFv18arduino_event_id_t20arduino_event_info_tEEC5ERKS3_                                                                                                                                                                     0            0
.xt.lit._ZN15WiFiEventCbListC5ERKS_                                                                                                                                                                                                               0            0
.xt.prop._ZNSt8functionIFv18arduino_event_id_t20arduino_event_info_tEEC5ERKS3_                                                                                                                                                                    0            0
.xt.prop._ZN15WiFiEventCbListC5ERKS_                                                                                                                                                                                                              0            0
.xt.prop._ZNSt8functionIFv18arduino_event_id_t20arduino_event_info_tEEC2ERKS3_                                                                                                                                                                   60            0
.xt.prop._ZN15WiFiEventCbListC2ERKS_                                                                                                                                                                                                             36            0
.xt.lit._ZNSt23_Sp_counted_ptr_inplaceISt6vectorIhSaIhEESaIS2_ELN9__gnu_cxx12_Lock_policyE2EE14_M_get_deleterERKSt9type_info                                                                                                                      8            0
.xt.lit._ZNSt23_Sp_counted_ptr_inplaceISt6vectorIhSaIhEESaIS2_ELN9__gnu_cxx12_Lock_policyE2EED5Ev                                                                                                                                                 0            0
.xt.lit._ZNSt23_Sp_counted_ptr_inplaceISt6vectorIhSaIhEESaIS2_ELN9__gnu_cxx12_Lock_policyE2EE10_M_disposeEv                                                                                                                                       0            0
.xt.lit._ZNSt23_Sp_counted_ptr_inplaceISt6vectorIhSaIhEESaIS2_ELN9__gnu_cxx12_Lock_policyE2EE10_M_destroyEv                                                                                                                                       0            0
.xt.lit._ZNSt15recursive_mutex4lockEv                                                                                                                                                                                                             8            0
.xt.lit._ZN21AsyncWebServerRequest4sendEiPKcS1_St8functionIF6StringRKS3_EE                                                                                                                                                                        0            0
.xt.lit._ZN22AsyncWebServerResponseD5Ev                                                                                                                                                                                                           8            0
.xt.lit._ZN22AsyncWebSocketResponseD5Ev                                                                                                                                                                                                           8            0
.xt.lit._ZN22AsyncWebServerResponse9addHeaderERK6StringS2_b                                                                                                                                                                                       0            0
.xt.lit._ZN21AsyncWebSocketControlC5EhPKhjb                                                                                                                                                                                                       8            0
.xt.lit._ZN21AsyncWebSocketControlD5Ev                                                                                                                                                                                                            0            0
.xt.lit._ZNSt10lock_guardISt15recursive_mutexED5Ev                                                                                                                                                                                                0            0
.xt.lit._ZNSt11unique_lockISt15recursive_mutexEC5ERS0_                                                                                                                                                                                            0            0
.xt.lit._ZNSt5dequeI21AsyncWebSocketControlSaIS0_EE9pop_frontEv                                                                                                                                                                                   0            0
.xt.lit._ZNSt11unique_lockISt15recursive_mutexE6unlockEv                                                                                                                                                                                          0            0
.xt.lit._ZNSt11unique_lockISt15recursive_mutexED5Ev                                                                                                                                                                                               0            0
.xt.lit._ZNSt5dequeI21AsyncWebSocketMessageSaIS0_EE12emplace_backIJRSt10shared_ptrISt6vectorIhSaIhEEERhRbEEEvDpOT_                                                                                                                                0            0
.xt.lit._ZNSt10unique_ptrIA_hSt14default_deleteIS0_EED5Ev                                                                                                                                                                                         0            0
.xt.lit._ZNSt11_Deque_baseI21AsyncWebSocketControlSaIS0_EED5Ev                                                                                                                                                                                    0            0
.xt.lit._ZNSt11_Deque_baseI21AsyncWebSocketMessageSaIS0_EED5Ev                                                                                                                                                                                    0            0
.xt.lit._ZStmiI21AsyncWebSocketMessageRS0_PS0_ENSt15_Deque_iteratorIT_T0_T1_E15difference_typeERKS7_SA_                                                                                                                                           0            0
.xt.lit._ZNSt14__shared_countILN9__gnu_cxx12_Lock_policyE2EEC5ISt6vectorIhSaIhEESaIS6_EJRjEEERPT_St20_Sp_alloc_shared_tagIT0_EDpOT1_                                                                                                              8            0
.xt.lit._ZNSt12_Destroy_auxILb0EE9__destroyIP21AsyncWebSocketControlEEvT_S4_                                                                                                                                                                      0            0
.xt.lit._ZNSt5dequeI21AsyncWebSocketControlSaIS0_EE19_M_destroy_data_auxESt15_Deque_iteratorIS0_RS0_PS0_ES6_                                                                                                                                      0            0
.xt.lit._ZNSt5dequeI21AsyncWebSocketControlSaIS0_EED5Ev                                                                                                                                                                                           0            0
.xt.lit._ZNSt12_Destroy_auxILb0EE9__destroyIP21AsyncWebSocketMessageEEvT_S4_                                                                                                                                                                      0            0
.xt.lit._ZNSt5dequeI21AsyncWebSocketMessageSaIS0_EE19_M_destroy_data_auxESt15_Deque_iteratorIS0_RS0_PS0_ES6_                                                                                                                                      0            0
.xt.lit._ZNSt5dequeI21AsyncWebSocketMessageSaIS0_EED5Ev                                                                                                                                                                                           0            0
.xt.lit._ZNSt7__cxx114listI20AsyncWebSocketClientSaIS1_EE5eraseESt20_List_const_iteratorIS1_E                                                                                                                                                     8            0
.xt.prop._ZNSt23_Sp_counted_ptr_inplaceISt6vectorIhSaIhEESaIS2_ELN9__gnu_cxx12_Lock_policyE2EE14_M_get_deleterERKSt9type_info                                                                                                                    48            0
.xt.prop._ZNSt23_Sp_counted_ptr_inplaceISt6vectorIhSaIhEESaIS2_ELN9__gnu_cxx12_Lock_policyE2EED5Ev                                                                                                                                                0            0
.xt.prop._ZNSt23_Sp_counted_ptr_inplaceISt6vectorIhSaIhEESaIS2_ELN9__gnu_cxx12_Lock_policyE2EE10_M_disposeEv                                                                                                                                     36            0
.xt.prop._ZNSt23_Sp_counted_ptr_inplaceISt6vectorIhSaIhEESaIS2_ELN9__gnu_cxx12_Lock_policyE2EE10_M_destroyEv                                                                                                                                     36            0
.xt.prop._ZNSt15recursive_mutex4lockEv                                                                                                                                                                                                           60            0
.xt.prop._ZN21AsyncWebServerRequest4sendEiPKcS1_St8functionIF6StringRKS3_EE                                                                                                                                                                     108            0
.xt.prop._ZN22AsyncWebServerResponseD5Ev                                                                                                                                                                                                         12            0
.xt.prop._ZN22AsyncWebSocketResponseD5Ev                                                                                                                                                                                                         12            0
.xt.prop._ZN22AsyncWebServerResponse9addHeaderERK6StringS2_b                                                                                                                                                                                     36            0
.xt.prop._ZN21AsyncWebSocketControlC5EhPKhjb                                                                                                                                                                                                     12            0
.xt.prop._ZN21AsyncWebSocketControlD5Ev                                                                                                                                                                                                           0            0
.xt.prop._ZNSt10lock_guardISt15recursive_mutexED5Ev                                                                                                                                                                                               0            0
.xt.prop._ZNSt11unique_lockISt15recursive_mutexEC5ERS0_                                                                                                                                                                                           0            0
.xt.prop._ZNSt5dequeI21AsyncWebSocketControlSaIS0_EE9pop_frontEv                                                                                                                                                                                 60            0
.xt.prop._ZNSt11unique_lockISt15recursive_mutexE6unlockEv                                                                                                                                                                                        60            0
.xt.prop._ZNSt11unique_lockISt15recursive_mutexED5Ev                                                                                                                                                                                              0            0
.xt.prop._ZNSt5dequeI21AsyncWebSocketMessageSaIS0_EE12emplace_backIJRSt10shared_ptrISt6vectorIhSaIhEEERhRbEEEvDpOT_                                                                                                                             144            0
.xt.prop._ZNSt10unique_ptrIA_hSt14default_deleteIS0_EED5Ev                                                                                                                                                                                        0            0
.xt.prop._ZNSt11_Deque_baseI21AsyncWebSocketControlSaIS0_EED5Ev                                                                                                                                                                                   0            0
.xt.prop._ZNSt11_Deque_baseI21AsyncWebSocketMessageSaIS0_EED5Ev                                                                                                                                                                                   0            0
.xt.prop._ZStmiI21AsyncWebSocketMessageRS0_PS0_ENSt15_Deque_iteratorIT_T0_T1_E15difference_typeERKS7_SA_                                                                                                                                         36            0
.xt.prop._ZNSt14__shared_countILN9__gnu_cxx12_Lock_policyE2EEC5ISt6vectorIhSaIhEESaIS6_EJRjEEERPT_St20_Sp_alloc_shared_tagIT0_EDpOT1_                                                                                                            12            0
.xt.prop._ZNSt12_Destroy_auxILb0EE9__destroyIP21AsyncWebSocketControlEEvT_S4_                                                                                                                                                                    60            0
.xt.prop._ZNSt5dequeI21AsyncWebSocketControlSaIS0_EE19_M_destroy_data_auxESt15_Deque_iteratorIS0_RS0_PS0_ES6_                                                                                                                                    84            0
.xt.prop._ZNSt5dequeI21AsyncWebSocketControlSaIS0_EED5Ev                                                                                                                                                                                          0            0
.xt.prop._ZNSt12_Destroy_auxILb0EE9__destroyIP21AsyncWebSocketMessageEEvT_S4_                                                                                                                                                                    60            0
.xt.prop._ZNSt5dequeI21AsyncWebSocketMessageSaIS0_EE19_M_destroy_data_auxESt15_Deque_iteratorIS0_RS0_PS0_ES6_                                                                                                                                    84            0
.xt.prop._ZNSt5dequeI21AsyncWebSocketMessageSaIS0_EED5Ev                                                                                                                                                                                          0            0
.xt.prop._ZNSt7__cxx114listI20AsyncWebSocketClientSaIS1_EE5eraseESt20_List_const_iteratorIS1_E                                                                                                                                                   48            0
.xt.prop._ZN22AsyncWebSocketResponse4_ackEP21AsyncWebServerRequestjj                                                                                                                                                                             36            0
.xt.prop._ZNK22AsyncWebSocketResponse12_sourceValidEv                                                                                                                                                                                            36            0
.xt.prop._ZNSt23_Sp_counted_ptr_inplaceISt6vectorIhSaIhEESaIS2_ELN9__gnu_cxx12_Lock_policyE2EED2Ev                                                                                                                                               36            0
.xt.prop._ZNSt23_Sp_counted_ptr_inplaceISt6vectorIhSaIhEESaIS2_ELN9__gnu_cxx12_Lock_policyE2EED0Ev                                                                                                                                               36            0
.xt.prop._ZNK6String6lengthEv                                                                                                                                                                                                                    72            0
.xt.prop._ZN22AsyncWebServerResponseD2Ev                                                                                                                                                                                                         60            0
.xt.prop._ZN22AsyncWebSocketResponseD2Ev                                                                                                                                                                                                         36            0
.xt.prop._ZN22AsyncWebSocketResponseD0Ev                                                                                                                                                                                                         36            0
.xt.prop._ZN22AsyncWebServerResponseD0Ev                                                                                                                                                                                                         36            0
.xt.prop._ZN21AsyncWebSocketControlC2EhPKhjb                                                                                                                                                                                                    108            0
.xt.prop._ZN21AsyncWebSocketControlD2Ev                                                                                                                                                                                                          36            0
.xt.prop._ZNSt12__shared_ptrISt6vectorIhSaIhEELN9__gnu_cxx12_Lock_policyE2EEC2ERKS5_                                                                                                                                                             48            0
.xt.prop._ZNSt14__shared_countILN9__gnu_cxx12_Lock_policyE2EED2Ev                                                                                                                                                                                60            0
.xt.prop._ZNSt10lock_guardISt15recursive_mutexED2Ev                                                                                                                                                                                              36            0
.xt.prop._ZNSt11unique_lockISt15recursive_mutexEC2ERS0_                                                                                                                                                                                          36            0
.xt.prop._ZNSt11unique_lockISt15recursive_mutexED2Ev                                                                                                                                                                                             36            0
.xt.prop._ZNSt15_Deque_iteratorI21AsyncWebSocketMessageRS0_PS0_EC2ERKS3_                                                                                                                                                                         36            0
.xt.prop._ZNSt15_Deque_iteratorI21AsyncWebSocketMessageRS0_PS0_EppEv                                                                                                                                                                             36            0
.xt.prop._ZNSt15_Deque_iteratorI21AsyncWebSocketControlRS0_PS0_EC2ERKS3_                                                                                                                                                                         36            0
.xt.prop._ZNSt10unique_ptrIA_hSt14default_deleteIS0_EED2Ev                                                                                                                                                                                       36            0
.xt.prop._ZNSt11_Deque_baseI21AsyncWebSocketControlSaIS0_EED2Ev                                                                                                                                                                                  60            0
.xt.prop._ZNSt11_Deque_baseI21AsyncWebSocketMessageSaIS0_EED2Ev                                                                                                                                                                                  60            0
.xt.prop._ZNSt14__shared_countILN9__gnu_cxx12_Lock_policyE2EEC2ISt6vectorIhSaIhEESaIS6_EJRjEEERPT_St20_Sp_alloc_shared_tagIT0_EDpOT1_                                                                                                            60            0
.xt.prop._ZNSt5dequeI21AsyncWebSocketControlSaIS0_EED2Ev                                                                                                                                                                                         36            0
.xt.prop._ZNSt5dequeI21AsyncWebSocketMessageSaIS0_EED2Ev                                                                                                                                                                                         36            0
.xt.prop._ZTV14AsyncWebSocket                                                                                                                                                                                                                    12            0
.xt.prop._ZTV22AsyncWebSocketResponse                                                                                                                                                                                                            12            0
.xt.prop._ZTVSt23_Sp_counted_ptr_inplaceISt6vectorIhSaIhEESaIS2_ELN9__gnu_cxx12_Lock_policyE2EE                                                                                                                                                  12            0
.xt.prop._ZZNSt19_Sp_make_shared_tag5_S_tiEvE5__tag                                                                                                                                                                                              12            0
.xt.lit._ZNKSt8functionIFvvEEclEv                                                                                                                                                                                                                 8            0
.xt.lit._ZNSt8functionIFvvEEC5ERKS1_                                                                                                                                                                                                              0            0
.xt.lit._ZNKSt8functionIFbP21AsyncWebServerRequestEEclES1_                                                                                                                                                                                        0            0
.xt.prop._ZNKSt8functionIFvvEEclEv                                                                                                                                                                                                               60            0
.xt.prop._ZNSt8functionIFvvEEC5ERKS1_                                                                                                                                                                                                             0            0
.xt.prop._ZNKSt8functionIFbP21AsyncWebServerRequestEEclES1_                                                                                                                                                                                      48            0
.xt.prop._ZNSt8functionIFvvEEC2ERKS1_                                                                                                                                                                                                            60            0
.xt.lit._ZNK6String10startsWithEPKc                                                                                                                                                                                                               0            0
.xt.lit._ZNK6String9substringEj                                                                                                                                                                                                                   0            0
.xt.lit._ZN17AsyncWebParameterC5ERK6StringS2_bbj                                                                                                                                                                                                  0            0
.xt.lit._ZN14AsyncWebHeaderD5Ev                                                                                                                                                                                                                   0            0
.xt.lit._ZNSt8functionIF6StringRKS0_EEC5ERKS4_                                                                                                                                                                                                    0            0
.xt.lit._ZNSt10_HashtableIPKcSt4pairIKS1_6StringESaIS5_ENSt8__detail10_Select1stESt8equal_toIS1_ESt4hashIS1_ENS7_18_Mod_range_hashingENS7_20_Default_ranged_hashENS7_20_Prime_rehash_policyENS7_17_Hashtable_traitsILb0ELb0ELb1EEEED5Ev           0            0
.xt.lit._ZNSt12__shared_ptrI21AsyncWebServerRequestLN9__gnu_cxx12_Lock_policyE2EE5resetEv                                                                                                                                                         0            0
.xt.lit._ZNSt7__cxx1110_List_baseI14AsyncWebHeaderSaIS1_EE8_M_clearEv                                                                                                                                                                             0            0
.xt.lit._ZNSt7__cxx1110_List_baseI17AsyncWebParameterSaIS1_EE8_M_clearEv                                                                                                                                                                          0            0
.xt.lit._ZNSt15__allocated_ptrISaISt10_List_nodeI17AsyncWebParameterEEED5Ev                                                                                                                                                                       0            0
.xt.prop._ZNK6String10startsWithEPKc                                                                                                                                                                                                             60            0
.xt.prop._ZNK6String9substringEj                                                                                                                                                                                                                 60            0
.xt.prop._ZN17AsyncWebParameterC5ERK6StringS2_bbj                                                                                                                                                                                                 0            0
.xt.prop._ZN14AsyncWebHeaderD5Ev                                                                                                                                                                                                                  0            0
.xt.prop._ZNSt8functionIF6StringRKS0_EEC5ERKS4_                                                                                                                                                                                                   0            0
.xt.prop._ZNSt10_HashtableIPKcSt4pairIKS1_6StringESaIS5_ENSt8__detail10_Select1stESt8equal_toIS1_ESt4hashIS1_ENS7_18_Mod_range_hashingENS7_20_Default_ranged_hashENS7_20_Prime_rehash_policyENS7_17_Hashtable_traitsILb0ELb0ELb1EEEED5Ev          0            0
.xt.prop._ZNSt12__shared_ptrI21AsyncWebServerRequestLN9__gnu_cxx12_Lock_policyE2EE5resetEv                                                                                                                                                       36            0
.xt.prop._ZNSt7__cxx1110_List_baseI14AsyncWebHeaderSaIS1_EE8_M_clearEv                                                                                                                                                                           60            0
.xt.prop._ZNSt7__cxx1110_List_baseI17AsyncWebParameterSaIS1_EE8_M_clearEv                                                                                                                                                                        60            0
.xt.prop._ZNSt15__allocated_ptrISaISt10_List_nodeI17AsyncWebParameterEEED5Ev                                                                                                                                                                      0            0
.xt.prop._ZN6String5clearEv                                                                                                                                                                                                                      72            0
.xt.prop._ZN17AsyncWebParameterC2ERK6StringS2_bbj                                                                                                                                                                                                60            0
.xt.prop._ZN14AsyncWebHeaderD2Ev                                                                                                                                                                                                                 36            0
.xt.prop._ZNSt8functionIF6StringRKS0_EEC2ERKS4_                                                                                                                                                                                                  60            0
.xt.prop._ZNSt10_HashtableIPKcSt4pairIKS1_6StringESaIS5_ENSt8__detail10_Select1stESt8equal_toIS1_ESt4hashIS1_ENS7_18_Mod_range_hashingENS7_20_Default_ranged_hashENS7_20_Prime_rehash_policyENS7_17_Hashtable_traitsILb0ELb0ELb1EEEED2Ev         60            0
.xt.prop._ZNSt15__allocated_ptrISaISt10_List_nodeI17AsyncWebParameterEEED2Ev                                                                                                                                                                     36            0
.xt.lit._ZN18AsyncBasicResponse4_ackEP21AsyncWebServerRequestjj                                                                                                                                                                                   0            0
.xt.lit._ZNSt7__cxx114listI14AsyncWebHeaderSaIS1_EE5eraseESt20_List_const_iteratorIS1_E                                                                                                                                                           0            0
.xt.lit._ZN18AsyncBasicResponseD5Ev                                                                                                                                                                                                               8            0
.xt.lit._ZN21AsyncAbstractResponseD5Ev                                                                                                                                                                                                            8            0
.xt.lit._ZN20AsyncProgmemResponseD5Ev                                                                                                                                                                                                             8            0
.xt.lit._ZNSt15__allocated_ptrISaISt10_List_nodeI14AsyncWebHeaderEEED5Ev                                                                                                                                                                          0            0
.xt.lit._ZSt13move_backwardIPhS0_ET0_T_S2_S1_                                                                                                                                                                                                     0            0
.xt.lit._ZNKSt6vectorIhSaIhEE12_M_check_lenEjPKc                                                                                                                                                                                                  0            0
.xt.lit._ZNSt11__copy_moveILb1ELb1ESt26random_access_iterator_tagE8__copy_mIhEEPT_PKS3_S6_S4_                                                                                                                                                     0            0
.xt.lit._ZNSt6vectorIhSaIhEE15_M_range_insertIPhEEvN9__gnu_cxx17__normal_iteratorIS3_S1_EET_S7_St20forward_iterator_tag                                                                                                                           8            0
.xt.lit._ZNSt6vectorIhSaIhEE6insertIPhvEEN9__gnu_cxx17__normal_iteratorIS3_S1_EENS5_IPKhS1_EET_SA_                                                                                                                                                0            0
.xt.lit._ZNSt6vectorIhSaIhEE15_M_range_insertIPKcEEvN9__gnu_cxx17__normal_iteratorIPhS1_EET_S9_St20forward_iterator_tag                                                                                                                           0            0
.xt.lit._ZN21AsyncAbstractResponse4_ackEP21AsyncWebServerRequestjj                                                                                                                                                                                0            0
.xt.lit._ZN2fs4FileD5Ev                                                                                                                                                                                                                           0            0
.xt.prop._ZN18AsyncBasicResponse4_ackEP21AsyncWebServerRequestjj                                                                                                                                                                                 36            0
.xt.prop._ZNSt7__cxx114listI14AsyncWebHeaderSaIS1_EE5eraseESt20_List_const_iteratorIS1_E                                                                                                                                                         36            0
.xt.prop._ZN18AsyncBasicResponseD5Ev                                                                                                                                                                                                             12            0
.xt.prop._ZN21AsyncAbstractResponseD5Ev                                                                                                                                                                                                          12            0
.xt.prop._ZN20AsyncProgmemResponseD5Ev                                                                                                                                                                                                           12            0
.xt.prop._ZNSt15__allocated_ptrISaISt10_List_nodeI14AsyncWebHeaderEEED5Ev                                                                                                                                                                         0            0
.xt.prop._ZSt13move_backwardIPhS0_ET0_T_S2_S1_                                                                                                                                                                                                   36            0
.xt.prop._ZNKSt6vectorIhSaIhEE12_M_check_lenEjPKc                                                                                                                                                                                                60            0
.xt.prop._ZNSt11__copy_moveILb1ELb1ESt26random_access_iterator_tagE8__copy_mIhEEPT_PKS3_S6_S4_                                                                                                                                                   48            0
.xt.prop._ZNSt6vectorIhSaIhEE15_M_range_insertIPhEEvN9__gnu_cxx17__normal_iteratorIS3_S1_EET_S7_St20forward_iterator_tag                                                                                                                        108            0
.xt.prop._ZNSt6vectorIhSaIhEE6insertIPhvEEN9__gnu_cxx17__normal_iteratorIS3_S1_EENS5_IPKhS1_EET_SA_                                                                                                                                              36            0
.xt.prop._ZNSt6vectorIhSaIhEE15_M_range_insertIPKcEEvN9__gnu_cxx17__normal_iteratorIPhS1_EET_S9_St20forward_iterator_tag                                                                                                                        132            0
.xt.prop._ZN21AsyncAbstractResponse4_ackEP21AsyncWebServerRequestjj                                                                                                                                                                              36            0
.xt.prop._ZN2fs4FileD5Ev                                                                                                                                                                                                                          0            0
.xt.prop._ZN5Print17availableForWriteEv                                                                                                                                                                                                          36            0
.xt.prop._ZN22AsyncWebServerResponse4_ackEP21AsyncWebServerRequestjj                                                                                                                                                                             36            0
.xt.prop._ZNK18AsyncBasicResponse12_sourceValidEv                                                                                                                                                                                                36            0
.xt.prop._ZNK21AsyncAbstractResponse12_sourceValidEv                                                                                                                                                                                             36            0
.xt.prop._ZN21AsyncAbstractResponse11_fillBufferEPhj                                                                                                                                                                                             36            0
.xt.prop._ZNK20AsyncProgmemResponse12_sourceValidEv                                                                                                                                                                                              36            0
.xt.prop._ZN18AsyncBasicResponseD2Ev                                                                                                                                                                                                             36            0
.xt.prop._ZN18AsyncBasicResponseD0Ev                                                                                                                                                                                                             36            0
.xt.prop._ZN21AsyncAbstractResponseD2Ev                                                                                                                                                                                                          36            0
.xt.prop._ZN21AsyncAbstractResponseD0Ev                                                                                                                                                                                                          36            0
.xt.prop._ZN20AsyncProgmemResponseD2Ev                                                                                                                                                                                                           36            0
.xt.prop._ZN20AsyncProgmemResponseD0Ev                                                                                                                                                                                                           36            0
.xt.prop._ZNSt15__allocated_ptrISaISt10_List_nodeI14AsyncWebHeaderEEED2Ev                                                                                                                                                                        36            0
.xt.prop._ZN2fs4FileD2Ev                                                                                                                                                                                                                         36            0
.xt.prop._ZN2fs4FileD0Ev                                                                                                                                                                                                                         36            0
.xt.prop._ZTV22AsyncWebServerResponse                                                                                                                                                                                                            12            0
.xt.prop._ZTV18AsyncBasicResponse                                                                                                                                                                                                                12            0
.xt.prop._ZTV21AsyncAbstractResponse                                                                                                                                                                                                             12            0
.xt.prop._ZTV20AsyncProgmemResponse                                                                                                                                                                                                              12            0
.xt.prop._ZGVZN14DefaultHeaders8InstanceEvE8instance                                                                                                                                                                                             12            0
.xt.prop._ZZN14DefaultHeaders8InstanceEvE8instance                                                                                                                                                                                               12            0
.xt.lit._ZN23AsyncCallbackWebHandlerC5Ev                                                                                                                                                                                                          8            0
.xt.lit._ZNSt8functionIFvP21AsyncWebServerRequestEEC5ERKS3_                                                                                                                                                                                       0            0
.xt.lit._ZNSt8functionIFvP21AsyncWebServerRequestRK6StringjPhjbEEC5ERKS7_                                                                                                                                                                         0            0
.xt.lit._ZNSt8functionIFvP21AsyncWebServerRequestPhjjjEEC5ERKS4_                                                                                                                                                                                  0            0
.xt.lit._ZNSt7__cxx1110_List_baseISt10shared_ptrI15AsyncWebRewriteESaIS3_EE8_M_clearEv                                                                                                                                                            0            0
.xt.lit._ZNSt7__cxx1110_List_baseISt10unique_ptrI15AsyncWebHandlerSt14default_deleteIS2_EESaIS5_EE8_M_clearEv                                                                                                                                     8            0
.xt.lit._ZNSt8functionIFvP21AsyncWebServerRequestRK6StringjPhjbEEaSERKS7_                                                                                                                                                                         0            0
.xt.lit._ZNSt8functionIFvP21AsyncWebServerRequestPhjjjEEaSERKS4_                                                                                                                                                                                  0            0
.xt.lit._ZNSt8functionIFvP21AsyncWebServerRequestEEaSERKS3_                                                                                                                                                                                       0            0
.xt.prop._ZN23AsyncCallbackWebHandlerC5Ev                                                                                                                                                                                                        12            0
.xt.prop._ZNSt8functionIFvP21AsyncWebServerRequestEEC5ERKS3_                                                                                                                                                                                      0            0
.xt.prop._ZNSt8functionIFvP21AsyncWebServerRequestRK6StringjPhjbEEC5ERKS7_                                                                                                                                                                        0            0
.xt.prop._ZNSt8functionIFvP21AsyncWebServerRequestPhjjjEEC5ERKS4_                                                                                                                                                                                 0            0
.xt.prop._ZNSt7__cxx1110_List_baseISt10shared_ptrI15AsyncWebRewriteESaIS3_EE8_M_clearEv                                                                                                                                                          60            0
.xt.prop._ZNSt7__cxx1110_List_baseISt10unique_ptrI15AsyncWebHandlerSt14default_deleteIS2_EESaIS5_EE8_M_clearEv                                                                                                                                   72            0
.xt.prop._ZNSt8functionIFvP21AsyncWebServerRequestRK6StringjPhjbEEaSERKS7_                                                                                                                                                                       48            0
.xt.prop._ZNSt8functionIFvP21AsyncWebServerRequestPhjjjEEaSERKS4_                                                                                                                                                                                48            0
.xt.prop._ZNSt8functionIFvP21AsyncWebServerRequestEEaSERKS3_                                                                                                                                                                                     48            0
.xt.prop._ZN23AsyncCallbackWebHandlerC2Ev                                                                                                                                                                                                        84            0
.xt.prop._ZNSt8functionIFvP21AsyncWebServerRequestEEC2ERKS3_                                                                                                                                                                                     60            0
.xt.prop._ZNSt8functionIFvP21AsyncWebServerRequestRK6StringjPhjbEEC2ERKS7_                                                                                                                                                                       60            0
.xt.prop._ZNSt8functionIFvP21AsyncWebServerRequestPhjjjEEC2ERKS4_                                                                                                                                                                                60            0
.xt.lit._ZN14AsyncWebHeaderC5Ev                                                                                                                                                                                                                   8            0
.xt.prop._ZN14AsyncWebHeaderC5Ev                                                                                                                                                                                                                 12            0
.xt.prop._ZN14AsyncWebHeaderC2Ev                                                                                                                                                                                                                 84            0
.xt.lit._ZN23AsyncCallbackWebHandlerD5Ev                                                                                                                                                                                                          0            0
.xt.prop._ZN23AsyncCallbackWebHandlerD5Ev                                                                                                                                                                                                         0            0
.xt.prop._ZNK23AsyncCallbackWebHandler23isRequestHandlerTrivialEv                                                                                                                                                                                36            0
.xt.prop._ZN23AsyncCallbackWebHandlerD2Ev                                                                                                                                                                                                        36            0
.xt.prop._ZN23AsyncCallbackWebHandlerD0Ev                                                                                                                                                                                                        36            0
.xt.prop._ZTV23AsyncCallbackWebHandler                                                                                                                                                                                                           12            0
.xt.lit._ZNSt7__cxx1112basic_stringIcSt11char_traitsIcESaIcEE12_M_constructIPKcEEvT_S8_St20forward_iterator_tag                                                                                                                                   8            0
.xt.prop._ZNSt7__cxx1112basic_stringIcSt11char_traitsIcESaIcEE12_M_constructIPKcEEvT_S8_St20forward_iterator_tag                                                                                                                                 48            0
.xt.lit._ZNSt8_Rb_treeItSt4pairIKt13conn_status_tESt10_Select1stIS3_ESt4lessItESaIS3_EE8_M_eraseEPSt13_Rb_tree_nodeIS3_E                                                                                                                          0            0
.xt.prop._ZNSt8_Rb_treeItSt4pairIKt13conn_status_tESt10_Select1stIS3_ESt4lessItESaIS3_EE8_M_eraseEPSt13_Rb_tree_nodeIS3_E                                                                                                                        60            0
.xt.prop._ZN14HardwareSerial9readBytesEPcj                                                                                                                                                                                                       36            0
.xt.prop._ZTV14HardwareSerial                                                                                                                                                                                                                    12            0
.xt.lit._ZN9IPAddressD5Ev                                                                                                                                                                                                                         0            0
.xt.prop._ZN9IPAddressD5Ev                                                                                                                                                                                                                        0            0
.xt.prop._ZN9IPAddressD2Ev                                                                                                                                                                                                                       36            0
.xt.prop._ZN9IPAddressD0Ev                                                                                                                                                                                                                       36            0
.xt.prop._ZTV9IPAddress                                                                                                                                                                                                                          12            0
.xt.lit._ZN5Print5writeEPKc                                                                                                                                                                                                                       0            0
.xt.prop._ZN5Print5writeEPKc                                                                                                                                                                                                                     48            0
.xt.prop._ZN6Stream9readBytesEPhj                                                                                                                                                                                                                36            0
.xt.lit._ZN6String4initEv                                                                                                                                                                                                                         8            0
.xt.prop._ZN6String4initEv                                                                                                                                                                                                                       48            0
.xt.prop._ZNK6String3lenEv                                                                                                                                                                                                                       60            0
.xt.prop._ZN6String6setLenEi                                                                                                                                                                                                                     72            0
.xt.lit._ZN3nvs4Lock4initEv                                                                                                                                                                                                                       0            0
.xt.prop._ZN3nvs4Lock4initEv                                                                                                                                                                                                                     72            0
.xt.prop._ZN14intrusive_listI14NVSHandleEntryE5eraseENS1_8iteratorE                                                                                                                                                                              84            0
.xt.lit._ZN14intrusive_listIN3nvs7Storage14NamespaceEntryEE17clearAndFreeNodesEv                                                                                                                                                                  0            0
.xt.prop._ZN14intrusive_listIN3nvs7Storage14NamespaceEntryEE17clearAndFreeNodesEv                                                                                                                                                               108            0
.xt.prop._ZN14intrusive_listIN3nvs7Storage14NamespaceEntryEE9push_backEPS2_                                                                                                                                                                      60            0
.xt.prop._ZTVN3nvs15NVSHandleSimpleE                                                                                                                                                                                                             12            0
.xt.lit._ZN3nvs12NVSPartitionD5Ev                                                                                                                                                                                                                 0            0
.xt.prop._ZN3nvs12NVSPartitionD5Ev                                                                                                                                                                                                                0            0
.xt.prop._ZN3nvs12NVSPartitionD2Ev                                                                                                                                                                                                               36            0
.xt.prop._ZN3nvs12NVSPartitionD0Ev                                                                                                                                                                                                               36            0
.xt.prop._ZTVN3nvs12NVSPartitionE                                                                                                                                                                                                                12            0
.xt.lit._ZN3nvs19NVSPartitionManagerD5Ev                                                                                                                                                                                                          0            0
.xt.prop._ZN3nvs19NVSPartitionManagerD5Ev                                                                                                                                                                                                         0            0
.xt.prop._ZN3nvs19NVSPartitionManagerD2Ev                                                                                                                                                                                                        36            0
.xt.prop._ZN3nvs19NVSPartitionManagerD0Ev                                                                                                                                                                                                        36            0
.xt.prop._ZN14intrusive_listIN3nvs12NVSPartitionEE5eraseENS2_8iteratorE                                                                                                                                                                          84            0
.xt.prop._ZN14intrusive_listIN3nvs15NVSHandleSimpleEE5eraseENS2_8iteratorE                                                                                                                                                                       84            0
.xt.prop._ZTVN3nvs19NVSPartitionManagerE                                                                                                                                                                                                         12            0
.xt.prop._ZN14intrusive_listIN3nvs8HashList13HashListBlockEE5eraseENS3_8iteratorE                                                                                                                                                                84            0
.xt.lit._ZN3nvs4ItemC5EhNS_8ItemTypeEhPKch                                                                                                                                                                                                        0            0
.xt.prop._ZN3nvs4ItemC5EhNS_8ItemTypeEhPKch                                                                                                                                                                                                       0            0
.xt.prop._ZN3nvs20isVariableLengthTypeENS_8ItemTypeE                                                                                                                                                                                             48            0
.xt.prop._ZN3nvs4ItemC2EhNS_8ItemTypeEhPKch                                                                                                                                                                                                      60            0
.xt.prop._ZNK19CompressedEnumTableIN3nvs4Page10EntryStateELj2ELj126EE3getEjPS2_                                                                                                                                                                  48            0
.xt.lit._ZN14intrusive_listIN3nvs4PageEE5clearEv                                                                                                                                                                                                  8            0
.xt.prop._ZN14intrusive_listIN3nvs4PageEE5clearEv                                                                                                                                                                                                72            0
.xt.prop._ZN14intrusive_listIN3nvs4PageEE9push_backEPS1_                                                                                                                                                                                         60            0
.xt.prop._ZN14intrusive_listIN3nvs4PageEE5eraseENS2_8iteratorE                                                                                                                                                                                   84            0
.xt.prop._ZTISt9bad_alloc                                                                                                                                                                                                                        12            0
.xt.prop._ZTVN10__cxxabiv117__class_type_infoE                                                                                                                                                                                                   12            0
.xt.prop._ZTVN10__cxxabiv120__si_class_type_infoE                                                                                                                                                                                                12            0
.xt.lit._ZNSt11char_traitsIcE4copyEPcPKcj                                                                                                                                                                                                         0            0
.xt.lit._ZNSt7__cxx1112basic_stringIcSt11char_traitsIcESaIcEE9_M_createERjj                                                                                                                                                                       8            0
.xt.lit._ZNSt7__cxx1112basic_stringIcSt11char_traitsIcESaIcEE10_M_disposeEv                                                                                                                                                                       0            0
.xt.lit._ZNSt7__cxx1112basic_stringIcSt11char_traitsIcESaIcEE7_S_copyEPcPKcj                                                                                                                                                                      0            0
.xt.lit._ZNSt7__cxx1112basic_stringIcSt11char_traitsIcESaIcEE13_S_copy_charsEPcPKcS7_                                                                                                                                                             0            0
.xt.prop._ZNSt11char_traitsIcE4copyEPcPKcj                                                                                                                                                                                                       48            0
.xt.prop._ZNSt7__cxx1112basic_stringIcSt11char_traitsIcESaIcEE9_M_createERjj                                                                                                                                                                     84            0
.xt.prop._ZNSt7__cxx1112basic_stringIcSt11char_traitsIcESaIcEE10_M_disposeEv                                                                                                                                                                     36            0
.xt.prop._ZNSt7__cxx1112basic_stringIcSt11char_traitsIcESaIcEE7_S_copyEPcPKcj                                                                                                                                                                    60            0
.xt.prop._ZNSt7__cxx1112basic_stringIcSt11char_traitsIcESaIcEE13_S_copy_charsEPcPKcS7_                                                                                                                                                           36            0
.xt.prop._ZTISt11logic_error                                                                                                                                                                                                                     12            0
.xt.prop._ZTISt12length_error                                                                                                                                                                                                                    12            0
.xt.prop._ZTISt12out_of_range                                                                                                                                                                                                                    12            0
.xt.prop._ZTISt13runtime_error                                                                                                                                                                                                                   12            0
.xt.prop._ZTISt17bad_function_call                                                                                                                                                                                                               12            0
.xt.prop._ZTVSt17bad_function_call                                                                                                                                                                                                               12            0
.xt.prop._ZTISt12system_error                                                                                                                                                                                                                    12            0
.xt.prop._ZTVSt12system_error                                                                                                                                                                                                                    12            0
.xt.prop._ZTVSt9bad_alloc                                                                                                                                                                                                                        12            0
.xt.lit._ZNK9__gnu_cxx24__concurrence_lock_error4whatEv                                                                                                                                                                                           8            0
.xt.lit._ZNK9__gnu_cxx26__concurrence_unlock_error4whatEv                                                                                                                                                                                         8            0
.xt.lit._ZN9__gnu_cxx24__concurrence_lock_errorD5Ev                                                                                                                                                                                               8            0
.xt.lit._ZN9__gnu_cxx26__concurrence_unlock_errorD5Ev                                                                                                                                                                                             8            0
.xt.lit._ZN9__gnu_cxx7__mutex4lockEv                                                                                                                                                                                                              8            0
.xt.lit._ZN9__gnu_cxx13__scoped_lockD5Ev                                                                                                                                                                                                          8            0
.xt.prop._ZNK9__gnu_cxx24__concurrence_lock_error4whatEv                                                                                                                                                                                         48            0
.xt.prop._ZNK9__gnu_cxx26__concurrence_unlock_error4whatEv                                                                                                                                                                                       48            0
.xt.prop._ZN9__gnu_cxx24__concurrence_lock_errorD5Ev                                                                                                                                                                                             12            0
.xt.prop._ZN9__gnu_cxx26__concurrence_unlock_errorD5Ev                                                                                                                                                                                           12            0
.xt.prop._ZN9__gnu_cxx7__mutex4lockEv                                                                                                                                                                                                            48            0
.xt.prop._ZN9__gnu_cxx13__scoped_lockD5Ev                                                                                                                                                                                                        12            0
.xt.prop._ZN9__gnu_cxx24__concurrence_lock_errorD2Ev                                                                                                                                                                                             36            0
.xt.prop._ZN9__gnu_cxx26__concurrence_unlock_errorD2Ev                                                                                                                                                                                           36            0
.xt.prop._ZN9__gnu_cxx24__concurrence_lock_errorD0Ev                                                                                                                                                                                             36            0
.xt.prop._ZN9__gnu_cxx26__concurrence_unlock_errorD0Ev                                                                                                                                                                                           36            0
.xt.prop._ZN9__gnu_cxx13__scoped_lockD2Ev                                                                                                                                                                                                        72            0
.xt.prop._ZTIN9__gnu_cxx24__concurrence_lock_errorE                                                                                                                                                                                              12            0
.xt.prop._ZTIN9__gnu_cxx26__concurrence_unlock_errorE                                                                                                                                                                                            12            0
.xt.prop._ZTVN9__gnu_cxx24__concurrence_lock_errorE                                                                                                                                                                                              12            0
.xt.prop._ZTVN9__gnu_cxx26__concurrence_unlock_errorE                                                                                                                                                                                            12            0
.xt.prop._ZTVSt11logic_error                                                                                                                                                                                                                     12            0
.xt.prop._ZTVSt12length_error                                                                                                                                                                                                                    12            0
.xt.prop._ZTVSt12out_of_range                                                                                                                                                                                                                    12            0
.xt.prop._ZTVSt13runtime_error                                                                                                                                                                                                                   12            0
.xt.lit._ZNSs7_M_copyEPcPKcj                                                                                                                                                                                                                      0            0
.xt.lit._ZNSs13_S_copy_charsEPcPKcS1_                                                                                                                                                                                                             0            0
.xt.lit._ZNSs4_Rep26_M_set_length_and_sharableEj                                                                                                                                                                                                  8            0
.xt.lit._ZNSs4_Rep9_S_createEjjRKSaIcE                                                                                                                                                                                                            8            0
.xt.lit._ZNSs4_Rep10_M_destroyERKSaIcE                                                                                                                                                                                                            0            0
.xt.lit._ZNSs4_Rep10_M_disposeERKSaIcE                                                                                                                                                                                                            0            0
.xt.lit._ZNSsD5Ev                                                                                                                                                                                                                                 0            0
.xt.lit._ZNSs12_S_constructIPKcEEPcT_S3_RKSaIcESt20forward_iterator_tag                                                                                                                                                                           8            0
.xt.lit._ZNSsC5EPKcRKSaIcE                                                                                                                                                                                                                        0            0
.xt.lit._ZNSsC5EPKcjRKSaIcE                                                                                                                                                                                                                       0            0
.xt.prop._ZNSs7_M_copyEPcPKcj                                                                                                                                                                                                                    60            0
.xt.prop._ZNSs13_S_copy_charsEPcPKcS1_                                                                                                                                                                                                           36            0
.xt.prop._ZNSs4_Rep26_M_set_length_and_sharableEj                                                                                                                                                                                                48            0
.xt.prop._ZNSs4_Rep9_S_createEjjRKSaIcE                                                                                                                                                                                                          96            0
.xt.prop._ZNSs4_Rep10_M_destroyERKSaIcE                                                                                                                                                                                                          36            0
.xt.prop._ZNSs4_Rep10_M_disposeERKSaIcE                                                                                                                                                                                                          48            0
.xt.prop._ZNSsD5Ev                                                                                                                                                                                                                                0            0
.xt.prop._ZNSs12_S_constructIPKcEEPcT_S3_RKSaIcESt20forward_iterator_tag                                                                                                                                                                         84            0
.xt.prop._ZNSsC5EPKcRKSaIcE                                                                                                                                                                                                                       0            0
.xt.prop._ZNSsC5EPKcjRKSaIcE                                                                                                                                                                                                                      0            0
.xt.prop._ZNSsD2Ev                                                                                                                                                                                                                               36            0
.xt.prop._ZNSsC2EPKcRKSaIcE                                                                                                                                                                                                                      36            0
.xt.prop._ZNSsC2EPKcjRKSaIcE                                                                                                                                                                                                                     36            0
.xt.prop._ZNSs4_Rep20_S_empty_rep_storageE                                                                                                                                                                                                       12            0
.xt.lit._ZNKSt8functionIFvPvP11AsyncClientEEclES0_S2_                                                                                                                                                                                             0            0
.xt.lit._ZNSt8functionIFvPvP11AsyncClientEEaSERKS4_                                                                                                                                                                                               8            0
.xt.prop._ZNKSt8functionIFvPvP11AsyncClientEEclES0_S2_                                                                                                                                                                                           48            0
.xt.prop._ZNSt8functionIFvPvP11AsyncClientEEaSERKS4_                                                                                                                                                                                             72            0
.xt.lit._ZN2fs4File9readBytesEPcj                                                                                                                                                                                                                 0            0
.xt.prop._ZN2fs4File9readBytesEPcj                                                                                                                                                                                                               36            0
.xt.prop._ZTVN2fs4FileE                                                                                                                                                                                                                          12            0
.debug_frame                                                                                                                                                                                                                                 178088            0
.debug_info                                                                                                                                                                                                                                10758785            0
.debug_abbrev                                                                                                                                                                                                                                651214            0
.debug_loc                                                                                                                                                                                                                                  1678925            0
.debug_aranges                                                                                                                                                                                                                                67520            0
.debug_ranges                                                                                                                                                                                                                                241192            0
.debug_line                                                                                                                                                                                                                                 3141151            0
.debug_str                                                                                                                                                                                                                                  1819326            0
Total                                                                                                                                                                                                                                      19973848
========================= [SUCCESS] Took 2.96 seconds =========================
